INSERT INTO ETAPA (ID_ETAPA, FECHA, RECORRIDO)
VALUES ('Etapa1', '05/01/2020', 400);

INSERT INTO ETAPA (ID_ETAPA, FECHA, RECORRIDO)
VALUES ('Etapa2', '09/01/2020', 450);

INSERT INTO ETAPA (ID_ETAPA, FECHA, RECORRIDO)
VALUES ('Etapa3', '15/01/2020', 430);

INSERT INTO ETAPA (ID_ETAPA, FECHA, RECORRIDO)
VALUES ('Etapa4', '17/01/2020', 380);

INSERT INTO VEHICULO(ID_VEHICULO, NOMBRE_EQUIPO, TIPO, POTENCIA, PILOTO, COPILOTO, CLASIFICACION, TIEMPO_TOTAL)
VALUES ('Toyota1', 'ToyotaGazooRacingTeam', 'Coche', 325, 'Fernando Alonso', 'Marc Coma', '2', '42H-58M-32S');

INSERT INTO VEHICULO(ID_VEHICULO, NOMBRE_EQUIPO, TIPO, POTENCIA, PILOTO, COPILOTO, CLASIFICACION, TIEMPO_TOTAL)
VALUES ('Ktm1', 'KTMFactoryRacingTeam', 'Moto', 80, 'Ricky Brabec', '', '4', '44H-26M-38S');

INSERT INTO VEHICULO(ID_VEHICULO, NOMBRE_EQUIPO, TIPO, POTENCIA, PILOTO, COPILOTO, CLASIFICACION, TIEMPO_TOTAL)
VALUES ('Mini1', 'BahrainJCWX-RAIDTEAM', 'Coche', 400, 'Carlos Sainz', 'LUCAS CRUZ', '1', '42H-25M-43S');

INSERT INTO VEHICULO(ID_VEHICULO, NOMBRE_EQUIPO, TIPO, POTENCIA, PILOTO, COPILOTO, CLASIFICACION, TIEMPO_TOTAL)
VALUES ('KTM2', 'KTMFactoryRacingTeam', 'Moto', 80, 'Joan Barreda', '', '3', '43H-20M-30S');

INSERT INTO RESULTADO(ID_RESULTADO, ID_ETAPA, ID_VEHICULO, TIEMPO)
VALUES ('Resultado1M1', 'Etapa1', 'Mini1', '10H-10M-10S');

INSERT INTO RESULTADO(ID_RESULTADO, ID_ETAPA, ID_VEHICULO, TIEMPO)
VALUES ('Resultado2M1', 'Etapa2', 'Mini1', '12H-05M-10S');

INSERT INTO RESULTADO(ID_RESULTADO, ID_ETAPA, ID_VEHICULO, TIEMPO)
VALUES ('Resultado3M1', 'Etapa3', 'Mini1', '10H-05M-13S');

INSERT INTO RESULTADO(ID_RESULTADO, ID_ETAPA, ID_VEHICULO, TIEMPO)
VALUES ('Resultado4M1', 'Etapa4', 'Mini1', '10H-05M-10S');


INSERT INTO RESULTADO(ID_RESULTADO, ID_ETAPA, ID_VEHICULO, TIEMPO)
VALUES ('Resultado1T1', 'Etapa1', 'Toyota1', '10H-04M-10S');

INSERT INTO RESULTADO(ID_RESULTADO, ID_ETAPA, ID_VEHICULO, TIEMPO)
VALUES ('Resultado2T1', 'Etapa2', 'Toyota1', '11H-14M-05S');

INSERT INTO RESULTADO(ID_RESULTADO, ID_ETAPA, ID_VEHICULO, TIEMPO)
VALUES ('Resultado3T1', 'Etapa3', 'Toyota1', '11H-30M-05S');

INSERT INTO RESULTADO(ID_RESULTADO, ID_ETAPA, ID_VEHICULO, TIEMPO)
VALUES ('Resultado4T1', 'Etapa4', 'Toyota1', '10H-10M-12S');

INSERT INTO RESULTADO(ID_RESULTADO, ID_ETAPA, ID_VEHICULO, TIEMPO)
VALUES ('Resultado1TK1', 'Etapa1', 'Ktm1', '11H-11M-08S');

INSERT INTO RESULTADO(ID_RESULTADO, ID_ETAPA, ID_VEHICULO, TIEMPO)
VALUES ('Resultado2K1', 'Etapa2', 'Ktm1', '11H-05M-05S');

INSERT INTO RESULTADO(ID_RESULTADO, ID_ETAPA, ID_VEHICULO, TIEMPO)
VALUES ('Resultado3K1', 'Etapa3', 'Ktm1', '12H-05M-10S');

INSERT INTO RESULTADO(ID_RESULTADO, ID_ETAPA, ID_VEHICULO, TIEMPO)
VALUES ('Resultado4K1', 'Etapa4', 'Ktm1', '10H-05M-15S');


INSERT INTO RESULTADO(ID_RESULTADO, ID_ETAPA, ID_VEHICULO, TIEMPO)
VALUES ('Resultado1K2', 'Etapa1', 'KTM2', '11H-05M-10S');

INSERT INTO RESULTADO(ID_RESULTADO, ID_ETAPA, ID_VEHICULO, TIEMPO)
VALUES ('Resultado2K2', 'Etapa2', 'KTM2', '11H-05M-05S');

INSERT INTO RESULTADO(ID_RESULTADO, ID_ETAPA, ID_VEHICULO, TIEMPO)
VALUES ('Resultado3K2', 'Etapa3', 'KTM2', '11H-05M-10S');

INSERT INTO RESULTADO(ID_RESULTADO, ID_ETAPA, ID_VEHICULO, TIEMPO)
VALUES ('Resultado4K2', 'Etapa4', 'KTM2', '10H-05M-10S');